unit_thumbnail_000000000.png,
,
,
,
,
,
,
,
,
,
,
,
,
,
,
,
,
,
,
,
,
,
,
,
,
,
,
,
,
,
,
,
,
,
,
,
,
,
,
,
,
,
,
,
,
,
,
,
,
,
,
,
,
,
,
,
,
,
,
,
,
,
,
,
,
,
,
,
,
,
,
,
,
,
,
,
,
,
,
,
,
,
,
,
,
,
,
,
,
,
,
,
,
,
,
,
,
,
,
,
,
,
,
,
,
,
,
,
,
,
,
,
,
,
,
,
,
,
,
,
,
,
,
,
,
,
,
,
,
,
,
,
,
,
,
,
,
,
,
,
,
,
unit_thumbnail_101423111.png,
unit_thumbnail_101434111.png,
unit_thumbnail_101445111.png,
unit_thumbnail_101453211.png,
unit_thumbnail_101464211.png,
unit_thumbnail_101475211.png,
unit_thumbnail_101483311.png,
unit_thumbnail_101494311.png,
unit_thumbnail_101505311.png,
unit_thumbnail_101513411.png,
unit_thumbnail_101524411.png,
unit_thumbnail_101535411.png,
,
,
,
,
,
,
,
,
,
,
,
,
,
,
,
,
,
,
,
,
,
,
,
,
,
,
,
,
,
,
,
,
,
,
,
,
,
,
,
,
,
,
,
,
,
,
,
,
,
,
,
,
,
,
,
,
,
,
,
,
,
,
,
,
,
,
,
,
,
,
,
,
,
,
,
,
,
,
,
,
,
,
,
,
,
,
,
,
,
,
,
,
,
,
,
,
,
,
,
,
,
,
,
,
unit_thumbnail_102715412.png,unit_thumbnail_102716412.png
,
,
,
,
,
,
,
,
,
,
,
,
,
,
,
,
,
,
,
,
,
,
,
,
,
,
,
,
,
,
,
,
,
,
,
,
,
,
,
,
,
,
,
,
,
,
,
,
,
,
,
,
,
,
,
,
,
,
,
,
,
,
,
,
,
,
,
,
,
,
,
,
,
,
,
,
,
,
,
,
,
,
,
,
,
,
,
,
,
,
,
,
,
,
,
,
,
,
,
,
,
,
,
,
,
,
,
,
,
,
,
,
,
,
,
,
,
,
,
,
,
,
,
,
,
,
,
,
,
,
,
,
,
,
,
,
,
,
,
,
,
unit_thumbnail_104206412.png,unit_thumbnail_104207412.png
,
,
,
,
,
,
,
,
,
,
,
,
,
,
,
,
,
,
,
,
,
,
,
,
,
,
,
,
,
,
,
,
,
,
,
,
,
,
,
,
,
,
,
,
,
,
,
,
,
,
,
,
,
,
,
,
,
,
,
,
,
,
,
,
,
,
,
,
,
,
,
,
,
,
,
,
,
,
,
,
,
,
,
,
,
,
,
,
,
,
,
,
,
,
,
,
,
,
,
,
,
,
,
,
,
,
,
,
,
,
,
,
,
,
,
,
,
,
,
,
,
,
,
,
,
,
,
,
,
,
unit_thumbnail_130005112.png,unit_thumbnail_130006112.png
unit_thumbnail_40086.png,
unit_thumbnail_500011513.png,
unit_thumbnail_500021313.png,
unit_thumbnail_500031113.png,
unit_thumbnail_500041213.png,
unit_thumbnail_500051313.png,
unit_thumbnail_500061513.png,
unit_thumbnail_500071113.png,
unit_thumbnail_500081213.png,
unit_thumbnail_500091313.png,
unit_thumbnail_500101413.png,
unit_thumbnail_500111113.png,
unit_thumbnail_500122213.png,
unit_thumbnail_500133313.png,
unit_thumbnail_500144413.png,
unit_thumbnail_500155513.png,
unit_thumbnail_500161013.png,
unit_thumbnail_500171113.png,
unit_thumbnail_500182213.png,
unit_thumbnail_500191313.png,
unit_thumbnail_500201313.png,unit_thumbnail_500202313.png
unit_thumbnail_500211013.png,
unit_thumbnail_500221413.png,
unit_thumbnail_500232513.png,
unit_thumbnail_500243413.png,
unit_thumbnail_500641113.png,
unit_thumbnail_500651213.png,
unit_thumbnail_500681113.png,
unit_thumbnail_500711513.png,
unit_thumbnail_500721013.png,
unit_thumbnail_500731513.png,
unit_thumbnail_500741513.png,
unit_thumbnail_500771013.png,
unit_thumbnail_500821513.png,
unit_thumbnail_500841013.png,
unit_thumbnail_500851513.png,
unit_thumbnail_500861413.png,
unit_thumbnail_500891213.png,
unit_thumbnail_500921313.png,
unit_thumbnail_500931513.png,
unit_thumbnail_500981313.png,
unit_thumbnail_501021113.png,
unit_thumbnail_501031213.png,
unit_thumbnail_501061113.png,
unit_thumbnail_501071113.png,
unit_thumbnail_501081113.png,
unit_thumbnail_501091113.png,
unit_thumbnail_501101513.png,
unit_thumbnail_501281113.png,
unit_thumbnail_501291213.png,
unit_thumbnail_501301313.png,
unit_thumbnail_501311413.png,
unit_thumbnail_501321513.png,
unit_thumbnail_501411113.png,
unit_thumbnail_501431113.png,
unit_thumbnail_501511113.png,
unit_thumbnail_501601013.png,
unit_thumbnail_501701513.png,
unit_thumbnail_501771313.png,
unit_thumbnail_501811213.png,
unit_thumbnail_501831250.png,
unit_thumbnail_501881250.png,
unit_thumbnail_501901570.png,
unit_thumbnail_501911150.png,
